CTD-ASSIGNED CONCEPT ID	CTD-ASSIGNED CONCEPT  NAME (implied by file name)	CTD-ASSIGNED CONCEPT CATEGORY
MESH:C471568	11-Mrp-14-Nal-18-Cys-22-Asp-beta-MSH(11-22)NH2	chemical entity
MESH:C509618	1-(2-amino-2-carboxyethyl)-3-(2-carboxybenzyl)pyrimidine-2,4-dione	chemical entity
MESH:C519184	1,2-distearoyl-sn-glycero-3-phosphoethanolamine-N-methoxy-poly(ethylene glycol 2000)	chemical entity
MESH:C554440	1-((5-(1-aminoethyl)-2-(8-methoxy-2-(triflurormethyl)-5-quinolinyl)-4-oxazolyl) carbonyl)-4-((cyclopropylcarbonyl)amino)proline ethyl ester	chemical entity
MESH:C507634	1,6-bis(N,N-dimethyl-2',6'-dimethyltyrosyl-1,2,3,4-tetrahydro-3-isoquinolineamido)hexane	chemical entity
MESH:C525396	1-methyltryptophan	chemical entity
MESH:D015059	1-Sarcosine-8-Isoleucine Angiotensin II	chemical entity
MESH:C568460	2-(2-((1H-indole-2-carbonyl)amino)benzoylamino)-4-phenylbutyric acid	chemical entity
MESH:C047210	2,3-bis-(palmitoyloxy)-2-propyl-N-palmitoyl-cysteinylserine	chemical entity
MESH:C086758	2,4,5-trihydroxyphenylalanine quinone	chemical entity
MESH:C098267	2,4-dinitrophenyl-S-(N-acetylcysteine)	chemical entity
MESH:C446999	2,6-diaminohexanoic acid (4-(5-fluorobenzothiazol-2-yl)-2-methylphenyl)amide	chemical entity
MESH:C539612	2-acetylamino-3-(4-(2-acetylamino-2-carboxyethylsulfanylthiocarbonylamino)phenylthiocarbamoylsulfanyl)propionic acid	chemical entity
MESH:C548172	2-amino-3-(4-((5-amino-2-phenylbenzo(d)oxazol-7-yl)methoxy)-3,5-dichlorophenyl)propanoic acid	chemical entity
MESH:C014328	2-amino-4-phenylbutyric acid	chemical entity
MESH:D015763	2-Amino-5-phosphonovalerate	chemical entity
MESH:C561592	2-amino-6-borono-2-(difluoromethyl)hexanoic acid	chemical entity
MESH:C561591	2-amino-6-borono-2-methylhexanoic acid	chemical entity
MESH:D015074	2-Aminoadipic Acid	chemical entity
MESH:C487404	2-furoyl-LIGRLO-amide	chemical entity
MESH:C586542	2'-(glutathion-S-yl)-deschlorodiclofenac	chemical entity
MESH:C014632	2-keto-4-methylthiobutyric acid	chemical entity
MESH:C022960	2-oxindole	chemical entity
MESH:C082398	2-S-glutathionylcaffeic acid	chemical entity
MESH:C030103	3,5-diiodothyronine	chemical entity
MESH:C507635	3,6-bis(N,N-dimethyl-2',6'-dimethyltyrosyl-1,2,3,4-tetrahydro-3-isoquinolineamidopropyl)-2(1H)-pyrazinone	chemical entity
MESH:C555398	3-(formylhydroxyamino)-2-(3-phenyl-1-propyl)butanoic acid (2,2-dimethyl-1-methylcarbamoyl-1-propyl)amide	chemical entity
MESH:C523964, MESH:D007470	Monoiodotyrosine	chemical entity
MESH:C002744	3-nitrotyrosine	chemical entity
MESH:C013785	4-amino-5-hexynoic acid	chemical entity
MESH:C095170	4-aminobenzoyl-glycyl-prolyl-leucyl-alanine hydroxamic acid	chemical entity
MESH:C079693	4-carboxyphenylglycine	chemical entity
MESH:C104672	4-hydroxyisoleucine	chemical entity
MESH:C584368	4'-methoxy licoflavanone	chemical entity
MESH:C551540	4-phenylbutanoyl-prolylcyanopyrrolidine	chemical entity
MESH:D006916	5-Hydroxytryptophan	chemical entity
MESH:C016568	5-methylcytidine	chemical entity
MESH:C086396	5-S-glutathionyl-alpha-methyldopa	chemical entity
MESH:C086394	5-S-glutathionyldopamine	chemical entity
MESH:C496730	90Y-octreotide, DOTA-Tyr(3)-	chemical entity
MESH:C552254	(9H-fluoren-9-yl)methyl(1-((6-(tert-butoxycarbonyl)amino-1-((4-methyl-2-oxo-1,2-dihydroquinolin-7-yl)amino)-1-oxohexan-2-yl)amino)-3-cyclohexyl-1-oxopropan-2-yl)carbamate	chemical entity
MESH:C542869, MESH:C545476, MESH:D019274	Botulinum Toxins, Type A	chemical entity
MESH:C430227	acetyl-AAVALLPAVLLALLAP-DEVD-CHO	chemical entity
MESH:C430230	acetyl-aspartyl-glutamyl-valyl-aspartic acid p-nitroanilide	chemical entity
MESH:C401206	acetyl-isoleucyl-glutamyl-threonyl-aspartyl-aldehyde	chemical entity
MESH:C420218	acetyl-leucyl-glutamyl-histidyl-aspartal	chemical entity
MESH:C063261	acetylleucyl-leucyl-norleucinal	chemical entity
MESH:D000119	Acetylmuramyl-Alanyl-Isoglutamine	chemical entity
MESH:C034159	ACTH (4-10), Phe(7)-	chemical entity
MESH:C028024	ACTH (4-9)	chemical entity
MESH:C109238	acyline	chemical entity
MESH:D017500	Adenovirus E1A Proteins	chemical entity
MESH:D037361	Adenylate Cyclase Toxin	chemical entity
MESH:C512527	ADI PEG20	chemical entity
MESH:D052242	Adiponectin	chemical entity
MESH:C034201	adolapin	chemical entity
MESH:D000080044	Ado-Trastuzumab Emtansine	chemical entity
MESH:D053674	Aggrecans	chemical entity
MESH:C581752	alamandine	chemical entity
MESH:D000409	Alanine	chemical entity
MESH:C000082	alanosine	chemical entity
MESH:C083013	alanylproline-4-nitroanilide	chemical entity
MESH:C455901	alanyl-tyrosyl-prolyl-glycyl-lysyl-phenylalanine	chemical entity
MESH:C064595	albolabrin	chemical entity
MESH:C473631	albuferon	chemical entity
MESH:C082598	aldesleukin	chemical entity
MESH:C099681	allergovit	chemical entity
MESH:D000501	Allylglycine	chemical entity
MESH:C000061	allysine	chemical entity
MESH:C108192	aloxistatin	chemical entity
MESH:D000515	alpha 1-Antitrypsin	chemical entity
MESH:D053959	Alpha-Amanitin	chemical entity
MESH:C098872	alpha-conotoxin MII	chemical entity
MESH:C582246	alpha-elapitoxin-Pc1, Pseudechis colletti	chemical entity
MESH:D000509	alpha-Fetoproteins	chemical entity
MESH:C028309	alpha-fluoromethylhistidine	chemical entity
MESH:C069206	alpha helical corticotropin-releasing hormone	chemical entity
MESH:C020763	alpha-latrotoxin	chemical entity
MESH:C079694	alpha-methyl-4-carboxyphenylglycine	chemical entity
MESH:C545596	alternaramide	chemical entity
MESH:D000546	Amanitins	chemical entity
MESH:C026967	Amb a I protein, Ambrosia artemisiifolia	chemical entity
MESH:D000596	Amino Acids	chemical entity
MESH:D000621	Aminoisobutyric Acids	chemical entity
MESH:C065419	ammodytin L	chemical entity
MESH:C068117	ammodytoxin A	chemical entity
MESH:C078592	amyloid beta-protein (1-40)	chemical entity
MESH:C074636	amyloid beta-protein (25-35)	chemical entity
MESH:C113042	amyloid beta-protein (31-35)	chemical entity
MESH:C068090	anantin	chemical entity
MESH:D000721	Ancrod	chemical entity
MESH:D043168	Angiostatins	chemical entity
MESH:D000802	Angiotensin Amide	chemical entity
MESH:D000809	Angiotensins	chemical entity
MESH:C030325	anthrax toxin	chemical entity
MESH:C432745	anticoagulation factor II, Agkistrodon acutus	chemical entity
MESH:D000936	Antigen-Antibody Complex	chemical entity
MESH:D023181	Antimicrobial Cationic Peptides	chemical entity
MESH:C052090	antineoplaston A5	chemical entity
MESH:D000991	Antithrombins	chemical entity
MESH:D000997	Antivenins	chemical entity
MESH:C495199	apelin-13 peptide	chemical entity
MESH:C034321	aphantoxin	chemical entity
MESH:C442201	apratoxin A	chemical entity
MESH:C582521	(arginine)9-cysteinyl-glutaminyl-cysteinyl-arginyl-arginyl-lysyl-asparagine	chemical entity
MESH:D001127	Arginine Vasopressin	chemical entity
MESH:D001125	Argininosuccinic Acid	chemical entity
MESH:C047981	arginyl-glycyl-aspartic acid	chemical entity
MESH:C470200	arodyn	chemical entity
MESH:D001218	Aspartame	chemical entity
MESH:D001224	Aspartic Acid	chemical entity
MESH:C014343	asperphenamate	chemical entity
MESH:C500088	astaxanthin dilysinate tetrahydrochloride	chemical entity
MESH:C574018	aurantiamide	chemical entity
MESH:C083095	azetidine-2,4-dicarboxylic acid	chemical entity
MESH:C069620	B 3824	chemical entity
MESH:C077707	B3(Fv)-PE38KDEL recombinant immunotoxin	chemical entity
MESH:D001414	Bacitracin	chemical entity
MESH:D001418	Baclofen	chemical entity
MESH:D012103	Batroxobin	chemical entity
MESH:D001500	BCG Vaccine	chemical entity
MESH:C111479	BCH 2763	chemical entity
MESH:C004456	beauvericin	chemical entity
MESH:D001514	Bee Venoms	chemical entity
MESH:C425305	BeKm-1 toxin	chemical entity
MESH:C110772	benzoylcarbonyl-aspartyl-glutamyl-valyl-aspartyl-fluoromethyl ketone	chemical entity
MESH:C470795	benzyloxycarbonyl-alanyl-glutamyl-valyl-aspartic acid fluoromethyl ketone	chemical entity
MESH:C090535	benzyloxycarbonyl-isoleucyl-glutamyl(O-tert-butyl)-alanyl-leucinal	chemical entity
MESH:C021159	benzyloxycarbonyl-phenylalanylarginine-4-methylcoumaryl-7-amide	chemical entity
MESH:C460579	benzyloxycarbonyltyrosyl-valyl-alanyl-aspartic acid fluoromethyl ketone	chemical entity
MESH:C517629	benzyloxycarbonyl-valyl-alanyl-aspartic acid	chemical entity
MESH:C103712	benzyloxycarbonyl-valyl-alanyl-aspartyl-fluoromethane	chemical entity
MESH:C096713	benzyloxycarbonylvalyl-alanyl-aspartyl fluoromethyl ketone	chemical entity
MESH:C445259	beta-adrenergic receptor kinase inhibitory peptide	chemical entity
MESH:C110027	beta-apocarotenoid-14',13'-dioxygenase	chemical entity
MESH:C013894	beta-conglycinin protein, Glycine max	chemical entity
MESH:C519496	BIM 23206	chemical entity
MESH:C038599	black widow spider venom	chemical entity
MESH:D001761	Bleomycin	chemical entity
MESH:C065280	BM 13677	chemical entity
MESH:C119407	BmK AS polypeptide	chemical entity
MESH:C417087	BmK IT2 scorpion toxin	chemical entity
MESH:C400786	BnSO(2)-D-Arg-Gly-Arg-ketothiazole	chemical entity
MESH:C071363	bombesin (6-14), Tpi(6)-Leu(13)-psi(CH2NH)-Leu(14)-	chemical entity
MESH:C118536	bombesin (7-14)	chemical entity
MESH:C083739	bothrojaracin	chemical entity
MESH:D001905	Botulinum Toxins	chemical entity
MESH:C096326	botulinum toxin type E	chemical entity
MESH:C439264	bovine serum albumin-corticosterone conjugate	chemical entity
MESH:C555919	BPC96 peptide	chemical entity
MESH:C082229	bradykinin, Lys-Leu(8)-desArg(9)-	chemical entity
MESH:D002038	Bungarotoxins	chemical entity
MESH:C042415	buthionine	chemical entity
MESH:D019328	Buthionine Sulfoximine	chemical entity
MESH:C582180	BV6 peptide	chemical entity
MESH:C090291	C186 65	chemical entity
MESH:C058636	calcitonin gene-related peptide (8-37)	chemical entity
MESH:C510327	caloxin 1b1	chemical entity
MESH:C058076	calpain inhibitor III	chemical entity
MESH:C032815	canatoxin	chemical entity
MESH:D019496	Cancer Vaccines	chemical entity
MESH:C524865	carfilzomib	chemical entity
MESH:D054804	Cathelicidins	chemical entity
MESH:C528306	CBLB502	chemical entity
MESH:D015815	Cell Adhesion Molecules	chemical entity
MESH:C480340	cell differentiation agent II	chemical entity
MESH:D057846	Cell-Penetrating Peptides	chemical entity
MESH:C062876	cetrorelix	chemical entity
MESH:D018999	Charybdotoxin	chemical entity
MESH:C049128	cholecystokinin pentapeptide	chemical entity
MESH:D002772	Cholera Toxin	chemical entity
MESH:C529269	cholix toxin, Vibrio cholerae	chemical entity
MESH:D011508	Chondroitin Sulfate Proteoglycans	chemical entity
MESH:D006063	Chorionic Gonadotropin	chemical entity
MESH:C472594	chrysophsin	chemical entity
MESH:C454647	ciguatoxin 1B (CTX 1B)	chemical entity
MESH:C488583	Clostridium difficile lethal toxin B	chemical entity
MESH:D004179	Cobra Cardiotoxin Proteins	chemical entity
MESH:C016310	cobra venom factor	chemical entity
MESH:C004691	colistinmethanesulfonic acid	chemical entity
MESH:D024043	Collagen Type II	chemical entity
MESH:C510079	conotoxin alpha-RgIA, Conus regius	chemical entity
MESH:C115558	conotoxin AuIB	chemical entity
MESH:C046101	conotoxin GIII	chemical entity
MESH:C042079	copper methionate	chemical entity
MESH:C488590	cortagine	chemical entity
MESH:C045089	corticotropin releasing hormone (9-41)	chemical entity
MESH:C446919	corticotropin-releasing hormone, Glu(20)-	chemical entity
MESH:C446920	corticotropin-releasing hormone, Pro(5)-	chemical entity
MESH:C031884	CPB protein, Clostridium perfringens	chemical entity
MESH:D003401	Creatine	chemical entity
MESH:D003435	Crotalid Venoms	chemical entity
MESH:D003439	Crotoxin	chemical entity
MESH:C529311	CTAP octapeptide	chemical entity
MESH:C057862	cyanoginosin LR	chemical entity
MESH:C092113	cyclo(arginyl-glycyl-aspartyl-phenylalanyl-valyl)	chemical entity
MESH:C073361	cyclo(Gln-Trp-Phe-Gly-Leu-Met)	chemical entity
MESH:C445694	cyclo(leucyl-prolyl)	chemical entity
MESH:C540261	cyclo-L-glycyl-L-2-allylproline	chemical entity
MESH:D016572	Cyclosporine	chemical entity
MESH:C045571	cyclosporin G	chemical entity
MESH:C050025	cyclosporin H	chemical entity
MESH:C118539	cyclo(tryptophyl-prolyl)	chemical entity
MESH:C496951	cyclo(tyrosyl-arginyl-arginyl-3-(2-naphthyl)alanyl-glycyl)	chemical entity
MESH:D003540	Cystathionine	chemical entity
MESH:D003548	Cysteinyldopa	chemical entity
MESH:D016207	Cytokines	chemical entity
MESH:C094035	daboiatoxin	chemical entity
MESH:D005405	D-Ala(2),MePhe(4),Met(0)-ol-enkephalin	chemical entity
MESH:C469289	dalbavancin	chemical entity
MESH:D017576	Daptomycin	chemical entity
MESH:C515055	darinaparsin	chemical entity
MESH:D026603	D-Aspartic Acid	chemical entity
MESH:D003894	Deamino Arginine Vasopressin	chemical entity
MESH:C000609387	DEAP-C16Y peptide	chemical entity
MESH:C509625	dehydroepiandrosterone-bovine serum albumin	chemical entity
MESH:C114767	delta-aminolevulinic acid methyl ester	chemical entity
MESH:D003701	Delta Sleep-Inducing Peptide	chemical entity
MESH:C060209	deltorphin II, Ala(2)-	chemical entity
MESH:C078456	denileukin diftitox	chemical entity
MESH:D047630	Depsipeptides	chemical entity
MESH:C451162	Dermatophagoides pteronyssinus antigen p 1	chemical entity
MESH:C451163	Dermatophagoides pteronyssinus antigen p 2	chemical entity
MESH:C529402	des-aspartate-angiotensin I	chemical entity
MESH:C060225	desirudin	chemical entity
MESH:C040424	destruxin B	chemical entity
MESH:C037026	diglycyl-histidine	chemical entity
MESH:D004295	Dihydroxyphenylalanine	chemical entity
MESH:D004104	Diiodothyronines	chemical entity
MESH:C034638	dinitrophenyl-bovine serum albumin	chemical entity
MESH:D004151	Dipeptides	chemical entity
MESH:D004167	Diphtheria Toxin	chemical entity
MESH:D019483	Disintegrins	chemical entity
MESH:C000722994	disitamab vedotin	chemical entity
MESH:C000602801	DJK-5 peptide	chemical entity
MESH:C569763	Dmt-NMe-Ala-Aba-Gly-NH2	chemical entity
MESH:C040616	DOPA melanin	chemical entity
MESH:C570584	duanbanhuain B	chemical entity
MESH:C556151	DX600 peptide	chemical entity
MESH:C026843	dynorphin (1-13)	chemical entity
MESH:C502814	dynorphin A-(1-11)-NH2, Nalpha-benzylTyr(1)-cyclo(Asp(5)-Dap(8))-	chemical entity
MESH:D004399	Dynorphins	chemical entity
MESH:C511194	ecallantide	chemical entity
MESH:D004448	Echinomycin	chemical entity
MESH:C106246	Edotreotide	chemical entity
MESH:D000518	Eflornithine	chemical entity
MESH:D015773	Enalaprilat	chemical entity
MESH:C044101	endotoxin, Escherichia coli	chemical entity
MESH:C493512	energostim	chemical entity
MESH:D020875	Enkephalin, Ala(2)-MePhe(4)-Gly(5)-	chemical entity
MESH:C040996	enkephalin-Leu, Ala(2)-Arg(6)-	chemical entity
MESH:D004743	Enkephalin, Leucine	chemical entity
MESH:D016308	Enkephalin, Leucine-2-Alanine	chemical entity
MESH:D004744	Enkephalin, Methionine	chemical entity
MESH:D004745	Enkephalins	chemical entity
MESH:C100264	enniatins	chemical entity
MESH:C034959	enterotoxin C, staphylococcal	chemical entity
MESH:C030107	enterotoxin F, Staphylococcal	chemical entity
MESH:D045762	Enzymes and Coenzymes	chemical entity
MESH:C521392	epinecidin-1, Epinephelus coioides	chemical entity
MESH:C103998	epoetin beta	chemical entity
MESH:C516023	epoetin delta	chemical entity
MESH:D000077542	Eptifibatide	chemical entity
MESH:C043090	estradiol-bovine serum albumin	chemical entity
MESH:D005001	Ethionine	chemical entity
MESH:C078927	eurystatin A	chemical entity
MESH:C063007	exoenzyme C3, Clostridium botulinum	chemical entity
MESH:C044937	fasciculin	chemical entity
MESH:D005291	Ferrichrome	chemical entity
MESH:D016222	Fibroblast Growth Factor 2	chemical entity
MESH:D000069585	Filgrastim	chemical entity
MESH:C034330	FK 156	chemical entity
MESH:C517508	Fra a 1 allergen, Fragaria ananassa	chemical entity
MESH:C484018	FSH-BI protein, human	chemical entity
MESH:C069724	gallium-transferrin complex	chemical entity
MESH:C420120	gamma-aminobutyryl-2-methyltryptophyl-2-methyltryptophyl-2-methyltryptophyl-lysinamide	chemical entity
MESH:D018823	gamma-Endorphin	chemical entity
MESH:C017341	gamma-glutamylcysteine	chemical entity
MESH:C497432	gamma-glutamylcysteinylacetominophen	chemical entity
MESH:C061018	ganirelix	chemical entity
MESH:C514423	Gap 26 peptide	chemical entity
MESH:C455880	gap 27 peptide	chemical entity
MESH:D005755	Gastrins	chemical entity
MESH:D000079982	Gemtuzumab	chemical entity
MESH:C075656	GenHevac B Pasteur	chemical entity
MESH:C466792	GGTI 2147	chemical entity
MESH:C587256	GH-RH(1-29), desaminotyrosyl(1)-ornithyl(12,21)-alpha-aminobutryic acid(15)-norleucyl(27)-aspartyl(28)-agmatine(29)-	chemical entity
MESH:C520836	GHRP-6, Lys(3)-	chemical entity
MESH:D000068717	Glatiramer Acetate	chemical entity
MESH:D051100	Glial Cell Line-Derived Neurotrophic Factor	chemical entity
MESH:C000606994	Glupearl 19S	chemical entity
MESH:D005973	Glutamine	chemical entity
MESH:C585201	glutaminyl-glutamyl-glutaminyl-leucyl-glutamyl-arginyl-alanyl-leucyl-asparagyl-seryl-serine	chemical entity
MESH:C000611742	glutathione persulfide	chemical entity
MESH:C524061	glutathionyl 4-hydroxy-2-nonenal conjugate	chemical entity
MESH:C450880	Gly(14)-Humanin	chemical entity
MESH:D005999	Glycochenodeoxycholic Acid	chemical entity
MESH:D006020	Glycopeptides	chemical entity
MESH:C020905	glycyl-histidyl-lysine	chemical entity
MESH:C042892	glycylproline 4-nitroanilide	chemical entity
MESH:C510942	glyphosate, isopropyl amine salt	chemical entity
MESH:C549568	GO 201	chemical entity
MESH:C000710673	golodirsen	chemical entity
MESH:C415987	gomesin	chemical entity
MESH:D006062	Gonadotropins	chemical entity
MESH:D006064	Gonadotropins, Equine	chemical entity
MESH:C058504	goralatide	chemical entity
MESH:D017273	Goserelin	chemical entity
MESH:C068032	GR 73632	chemical entity
MESH:C079014	GR 82334	chemical entity
MESH:D016179	Granulocyte Colony-Stimulating Factor	chemical entity
MESH:C072685	guanylin	chemical entity
MESH:C482002	GYPGKF-NH(2)	chemical entity
MESH:C550755	H-Arg-Pro-Arg-Nva-Tyr-Dap-Hol-NH2	chemical entity
MESH:C121944	HB-19 peptide	chemical entity
MESH:C075659	HB-VAX	chemical entity
MESH:C034151	heat stable toxin (E coli)	chemical entity
MESH:D006388	Hemagglutinins	chemical entity
MESH:C514771	hematide	chemical entity
MESH:C106087	heme lysinate	chemical entity
MESH:D006433	Hemocyanins	chemical entity
MESH:C053936	hemoglobin XL99alpha	chemical entity
MESH:D019812	Heparan Sulfate Proteoglycans	chemical entity
MESH:D022362	Hepatitis A Vaccines	chemical entity
MESH:D006513	Hepatitis B e Antigens	chemical entity
MESH:D006514	Hepatitis B Surface Antigens	chemical entity
MESH:D017325	Hepatitis B Vaccines	chemical entity
MESH:C492739	hexaarginine amide	chemical entity
MESH:C086184	hexarelin	chemical entity
MESH:D026541	Heymann Nephritis Antigenic Complex	chemical entity
MESH:C072298	hirudin HV1	chemical entity
MESH:D006629	Hirudins	chemical entity
MESH:C477271	His-Asp-Ala-Pro-Ile-Gly-Tyr-Asp	chemical entity
MESH:C015924	histidyl-proline diketopiperazine	chemical entity
MESH:D056572	Histone Deacetylase Inhibitors	chemical entity
MESH:D016655	HIV Core Protein p24	chemical entity
MESH:D015699	HIV Envelope Protein gp120	chemical entity
MESH:C545813	huachansu	chemical entity
MESH:C470632	huwentoxin IV, Selenocosmia huwena	chemical entity
MESH:C003949	hypotaurine	chemical entity
MESH:C064719	iberiotoxin	chemical entity
MESH:C036405	ICI 154129	chemical entity
MESH:D007098	Imino Acids	chemical entity
MESH:C082770	IMM 125	chemical entity
MESH:D000922	Immunotoxins	chemical entity
MESH:D054795	Incretins	chemical entity
MESH:C030956	insecticidal crystal protein, Bacillus Thuringiensis	chemical entity
MESH:D007328	Insulin	chemical entity
MESH:D061267	Insulin Aspart	chemical entity
MESH:C070690	insulin, Asp(B10)-	chemical entity
MESH:C050739	interferon alfacon-1	chemical entity
MESH:D016898	Interferon-alpha	chemical entity
MESH:C114167	interferon-alpha B-D	chemical entity
MESH:D000068576	Interferon beta-1b	chemical entity
MESH:D007372	Interferons	chemical entity
MESH:D016753	Interleukin-10	chemical entity
MESH:D053590	Interleukin 1 Receptor Antagonist Protein	chemical entity
MESH:D007376	Interleukin-2	chemical entity
MESH:D015850	Interleukin-6	chemical entity
MESH:C104543	interleukin 6-interleukin 6 receptor fusion protein, recombinant	chemical entity
MESH:C053476	invasin, Yersinia	chemical entity
MESH:C027724	iodo-alpha-bungarotoxin	chemical entity
MESH:C008215	isotocin	chemical entity
MESH:C112524	JBT-3002	chemical entity
MESH:C420262	JI-38	chemical entity
MESH:C020251	kappa-casein glycomacropeptide	chemical entity
MESH:C032808	keyhole-limpet hemocyanin	chemical entity
MESH:C097558	KL4 surfactant	chemical entity
MESH:C118444	kurtoxin	chemical entity
MESH:D007737	Kynurenine	chemical entity
MESH:C472885	L-4F peptide	chemical entity
MESH:C096429	L 709049	chemical entity
MESH:C096898	L 744832	chemical entity
MESH:C060347	lanreotide	chemical entity
MESH:C061242	Lentinus edodes mycelia extract E-P-LEM	chemical entity
MESH:C083544	lepirudin	chemical entity
MESH:C008268	leucinostatin A	chemical entity
MESH:D016729	Leuprolide	chemical entity
MESH:C035420	levodopa methyl ester	chemical entity
MESH:C042020	LHRH, acetyl-2-(2-naphthyl)-Ala(1)-4-F-Phe(2)-Trp(3)-Arg(6)-	chemical entity
MESH:C082419	LHRH, Leu(6)-des-Et-GlyNH2(10)-	chemical entity
MESH:C042691	LHRH, N-acetyl-(4-chlorophenylalanyl)(1)-(4-chlorophenylalanyl)(2)-tryptophyl(3)-arginyl(6)-alanine(10)-	chemical entity
MESH:C030087	lipoprotein triglyceride	chemical entity
MESH:D017706	Lisinopril	chemical entity
MESH:C027979	L-pyroglutamyl-L-histidyl-3,3-dimethylprolinamide	chemical entity
MESH:D016682	Lupus Coagulation Inhibitor	chemical entity
MESH:C579664	LY2112688	chemical entity
MESH:D008236	Lypressin	chemical entity
MESH:C543889	Lys49-phospholipase A2, Bothrops lternatus	chemical entity
MESH:D016173	Macrophage Colony-Stimulating Factor	chemical entity
MESH:C106335	macrophage stimulatory lipopeptide 2	chemical entity
MESH:C085319	maculosin	chemical entity
MESH:C105338	makatoxin I	chemical entity
MESH:C569869	malondialdehyde-low density lipoprotein, human	chemical entity
MESH:C000609591	MDCO-216	chemical entity
MESH:D022542	Measles-Mumps-Rubella Vaccine	chemical entity
MESH:C473256	mefenoxam	chemical entity
MESH:D009074	Melanocyte-Stimulating Hormones	chemical entity
MESH:D008558	Melphalan	chemical entity
MESH:C119318	MEN 11270	chemical entity
MESH:C107754	MEN 11420	chemical entity
MESH:D008715	Methionine	chemical entity
MESH:C000613980	methyl 2-(1-(4-fluorobenzyl)-1H-indazole-3-carboxamido)-3-methylbutanoate	chemical entity
MESH:D000077551	Micafungin	chemical entity
MESH:C524165	microcystin-LF	chemical entity
MESH:C063855	microcystin RR	chemical entity
MESH:D052998	Microcystins	chemical entity
MESH:C053972	micrurus venom	chemical entity
MESH:C037144	mifamurtide	chemical entity
MESH:D008898	Mimosine	chemical entity
MESH:C540575	MK2i peptide	chemical entity
MESH:C000621807	MM-589	chemical entity
MESH:C082430	molgramostim	chemical entity
MESH:C477246	Moli1901	chemical entity
MESH:C022261	molybdopterin	chemical entity
MESH:C430647	monocyte locomotion inhibitory factor	chemical entity
MESH:C028889	morphiceptin	chemical entity
MESH:C027756	MSH, 4-Nle-7-Phe-alpha-	chemical entity
MESH:C502265	mu-conotoxin KIIIA, Conus kinoshitai	chemical entity
MESH:C112845	mu-conotoxin PIIIA	chemical entity
MESH:C500085	muraglitazar	chemical entity
MESH:C419876	muscarinic toxin 7	chemical entity
MESH:D063308	Myelin-Oligodendrocyte Glycoprotein	chemical entity
MESH:C445081	myelin oligodendrocyte glycoprotein (35-55)	chemical entity
MESH:C489863	myristoylated autocamtide-2-related inhibitory peptide	chemical entity
MESH:C530602	N-(1-((4-(2-(((2,4-dichlorophenyl)sulfonyl)amino)-3-hydroxypropanoyl)-1-piperazinyl)carbonyl)-3-methylbutyl)-1-benzothiophene-2-carboxamide	chemical entity
MESH:C000599671	N-(1-amino-3-methyl-1-oxobutan-2-yl)-1-pentyl-1H-indazole-3-carboxamide	chemical entity
MESH:C548779	N-(2-naphthalenyl)-((3,5-dibromo-2,4-dihydroxyphenyl)methylene)glycine hydrazide	chemical entity
MESH:C078131	N-(2(R)-2-(hydroxamidocarbonylmethyl)-4-methylpentanoyl)-L-tryptophan methylamide	chemical entity
MESH:C109145	N-(4-fluorophenylsulfonyl)-L-valyl-L-leucinal	chemical entity
MESH:C091682	(N-5-(4-nitrobenzofurazan-7-yl)lysyl(8))cyclosporine	chemical entity
MESH:C090663	N(6)-(1-iminoethyl)lysine	chemical entity
MESH:C120401	N(6)-cyclopropyl-9-(2-phosphonylmethoxyethyl)-2,6-diaminopurine	chemical entity
MESH:C580583	N6L peptide	chemical entity
MESH:C510899	N-acetyl-Cys-Gly-Pro-Cys-amide	chemical entity
MESH:C006374	N-acetyldopamine	chemical entity
MESH:C510898	N-acetyl glycine cysteine amide	chemical entity
MESH:C502028	N-acetylleucyl-leucyl-norleucine	chemical entity
MESH:C569465	N-acetyl-S-(2-carbamoylethyl)cysteine	chemical entity
MESH:C025645	N-acetyl-S-(2-cyanoethyl)cysteine	chemical entity
MESH:C568519	N-alpha-(2-carboxyl)benzoyl-N5-(2-fluoro-1-iminoethyl)ornithine amide	chemical entity
MESH:C002315	N(alpha)-acetyllysine	chemical entity
MESH:C558727	N-alpha-benzoyl-N5-(2-chloro-1-iminoethyl)-L-ornithine amide	chemical entity
MESH:C483476	N-arachidonoylalanine	chemical entity
MESH:C465623	N-arachidonylglycine	chemical entity
MESH:D000077715	Nateglinide	chemical entity
MESH:D020097	Natriuretic Peptide, Brain	chemical entity
MESH:C011670	N-benzoylphenylalanylphenylalinol acetate	chemical entity
MESH:C495708	N-benzyloxycarbonyl-valyl-leucyl-leucinal	chemical entity
MESH:C052954	N-bromotaurine	chemical entity
MESH:C545555	N-butyloxycarbonyl-methionyl-aspartyl-glycyl-cysteinyl-glutamyl-leucine	chemical entity
MESH:C043410	N-chlorotaurine	chemical entity
MESH:D009414	Nerve Growth Factors	chemical entity
MESH:C064218	neurokinin A (4-10), beta-Ala(8)-	chemical entity
MESH:C547346	neurotensin NT79	chemical entity
MESH:D019331	NG-Nitroarginine Methyl Ester	chemical entity
MESH:D009561	Nisin	chemical entity
MESH:C000591546	NKCT1 protein, Naja kaouthia	chemical entity
MESH:C118983	Nle(1)-AngIV	chemical entity
MESH:C502805	N,N'-((5-(2-amino-5-(2-methylpropyl)-4-thiazolyl)-2-furanyl)phosphinylidene)bis(alanine) diethyl ester	chemical entity
MESH:C040643	N,N-diallyl-tyrosyl-alpha-aminoisobutyric acid-phenylalanyl-leucine	chemical entity
MESH:C439964	nociceptin (1-13) amide	chemical entity
MESH:C114149	nociceptin (1-13)-NH2, Phe(1)-psi(CH2-NH)-Gly(2)-	chemical entity
MESH:C111148	nocistatin	chemical entity
MESH:C072044	norcisapride	chemical entity
MESH:C005082	notexin	chemical entity
MESH:C101516	N-palmitoylserine phosphoric acid	chemical entity
MESH:C117759	NPC 18884	chemical entity
MESH:C479838	(Nphe(1),Arg(14),Lys(15))N-OFQ NH(2)	chemical entity
MESH:C534585	NSC 668036	chemical entity
MESH:D034442	N-substituted Glycines	chemical entity
MESH:C522862	NT020 formula	chemical entity
MESH:D009842	Oligopeptides	chemical entity
MESH:C414614	OM99-2	chemical entity
MESH:C083855	omega-agatoxin-Aa4b	chemical entity
MESH:D020867	omega-Agatoxin IVA	chemical entity
MESH:D019323	omega-N-Methylarginine	chemical entity
MESH:C000629279	onabotulinum toxin A	chemical entity
MESH:D053683	Oncostatin M	chemical entity
MESH:C105308	oprelvekin	chemical entity
MESH:D000068797	Orexins	chemical entity
MESH:C013765	Org 2766	chemical entity
MESH:C100708	oritavancin	chemical entity
MESH:C000596361	osimertinib	chemical entity
MESH:D010047	Ovalbumin	chemical entity
MESH:D010121	Oxytocin	chemical entity
MESH:C064578	oxytocin, Pen(1)-(4-MePhe)(2)-Thr(4)-Orn(8)-	chemical entity
MESH:C557647	p-271 peptide	chemical entity
MESH:C570200	P61-E7 compound	chemical entity
MESH:D010172	Palmitoylcarnitine	chemical entity
MESH:C078284	Panton-Valentine leukocidin	chemical entity
MESH:C517782	pasireotide	chemical entity
MESH:C082887	PD 145065	chemical entity
MESH:C106950	PD 156252	chemical entity
MESH:C042705	pegaspargase	chemical entity
MESH:C455861	pegfilgrastim	chemical entity
MESH:C100416	peginterferon alfa-2a	chemical entity
MESH:C031545	Pegloticase	chemical entity
MESH:C406545	pegvisomant	chemical entity
MESH:C513552	Pep42 peptide	chemical entity
MESH:D054848	Peptaibols	chemical entity
MESH:D010440	Peptichemio	chemical entity
MESH:D010451	Peptide PHI	chemical entity
MESH:D010455	Peptides	chemical entity
MESH:D010456	Peptides, Cyclic	chemical entity
MESH:C071927	perlecan	chemical entity
MESH:C574057	perthamide C	chemical entity
MESH:D037342	Pertussis Toxin	chemical entity
MESH:C000593032	PGW5 compound	chemical entity
MESH:C052329	phaclofen	chemical entity
MESH:D010649	Phenylalanine	chemical entity
MESH:C113202	phenylalanyl corticotropin-releasing factor (12-41)	chemical entity
MESH:C412454	phenylalanyl-glycyl-NHO-Bz	chemical entity
MESH:C050815	phenylalanyl-prolyl-arginine chloromethyl ketone-thrombin	chemical entity
MESH:D010798	Phycocyanin	chemical entity
MESH:D051219	Pituitary Adenylate Cyclase-Activating Polypeptide	chemical entity
MESH:D010909	Pituitary Hormones, Posterior	chemical entity
MESH:C473663	Pla l 1 allergen, Plantago lanceolata	chemical entity
MESH:C032290	plY protein, Streptococcus pneumoniae	chemical entity
MESH:C036835	PMSG-HCG	chemical entity
MESH:C061957	polaprezinc	chemical entity
MESH:C017645	polyaspartate	chemical entity
MESH:C000601947	polyethylene glycol loxenatide	chemical entity
MESH:D011097	Polygeline	chemical entity
MESH:D011099	Polyglutamic Acid	chemical entity
MESH:C097188	polyglutamine	chemical entity
MESH:D011107	Polylysine	chemical entity
MESH:C093216	polysaccharide peptide	chemical entity
MESH:D000069583	Pregabalin	chemical entity
MESH:C068561	progesterone-11-bovine serum albumin	chemical entity
MESH:D018809	Proliferating Cell Nuclear Antigen	chemical entity
MESH:C526265	prophalan	chemical entity
MESH:C101246	prosaptide	chemical entity
MESH:C030101	protamine heparin aggregate	chemical entity
MESH:C061479	protein kinase inhibitor peptide	chemical entity
MESH:D047428	Protein Kinase Inhibitors	chemical entity
MESH:C046418	pro-thyrotropin releasing hormone	chemical entity
MESH:C063729	pumilacidin	chemical entity
MESH:D011761	Pyrrolidonecarboxylic Acid	chemical entity
MESH:D053245	RANK Ligand	chemical entity
MESH:C087896	reteplase	chemical entity
MESH:C105328	RG 13965	chemical entity
MESH:C112292	rhodocytin protein, Calloselasma rhodostoma	chemical entity
MESH:C488777	romiplostim	chemical entity
MESH:C539273	RWJ 800088	chemical entity
MESH:C060857	S-(1,2,2-trichlorovinyl)glutathione	chemical entity
MESH:C110705	S-(1,2,2-trichlorovinyl)-L-cysteine	chemical entity
MESH:C039961	S-(1,2-dichlorovinyl)cysteine	chemical entity
MESH:C094195	S 16118	chemical entity
MESH:C021129	S 2238	chemical entity
MESH:C030190	S-(2,4-dinitrophenyl)glutathione	chemical entity
MESH:C001423	S-(3-hydroxypropyl)cysteine N-acetate	chemical entity
MESH:C000717211	sacubitril	chemical entity
MESH:D012436	S-Adenosylmethionine	chemical entity
MESH:C541923	sandostatinLAR	chemical entity
MESH:C057354	sarafotoxins s6	chemical entity
MESH:C025727	sauvagine	chemical entity
MESH:C431907	SB 290157	chemical entity
MESH:C081159	secretoneurin	chemical entity
MESH:C009226	selenocystine	chemical entity
MESH:C000591245	semaglutide	chemical entity
MESH:C508896	sequinavir	chemical entity
MESH:D015842	Serine Proteinase Inhibitors	chemical entity
MESH:C477270	Ser-Phe-Asn-Ser-Tyr-Glu-Leu-Gly-Glu-Ser-Leu	chemical entity
MESH:C099570	seryl-leucyl-isoleucyl-glycyl-arginyl-leucine	chemical entity
MESH:C110991	S-ethyl-N-acetyl-cysteine	chemical entity
MESH:C579663	setmelanotide	chemical entity
MESH:C058186	S-hexylglutathione-sepharose	chemical entity
MESH:D012795	Sialoglycoproteins	chemical entity
MESH:C024711	siomycin A	chemical entity
MESH:C424127	SL 327	chemical entity
MESH:C008425	S-methylcysteine	chemical entity
MESH:C086717	S-methylthiocitrulline	chemical entity
MESH:C118258	SN50 peptide	chemical entity
MESH:D026422	S-Nitrosoglutathione	chemical entity
MESH:C115521	SNX 482	chemical entity
MESH:D012970	Sodium Glutamate	chemical entity
MESH:C074308	sovateltide	chemical entity
MESH:C115703	SP 5186	chemical entity
MESH:C013195	sparfosic acid	chemical entity
MESH:C485419	spiruchostatin A	chemical entity
MESH:C021091	staphylococcal alpha-toxin	chemical entity
MESH:D013205	Staphylococcal Protein A	chemical entity
MESH:C487488	stejnulxin protein, Trimeresurus stejnegeri	chemical entity
MESH:C496429	substance P (6-11), Tyr(6)-D-Phe(7)-D-His(9)-	chemical entity
MESH:C468274	substance P-saporin	chemical entity
MESH:C009354	sulglicotide	chemical entity
MESH:D018089	Superantigens	chemical entity
MESH:D013491	Suppressor Factors, Immunologic	chemical entity
MESH:C009365	surfactin peptide	chemical entity
MESH:C519547	Syn 1020	chemical entity
MESH:C038346	syntometrine	chemical entity
MESH:C088196	TAK 044	chemical entity
MESH:D013654	Taurine	chemical entity
MESH:C041348	tcdA protein, Clostridium difficile	chemical entity
MESH:C561921	technetium 99m (HYNIC-3PRGD(2))(tricine)(TPPTS)	chemical entity
MESH:C000594838	teixobactin	chemical entity
MESH:D013722	Teprotide	chemical entity
MESH:C073357	teralgim	chemical entity
MESH:D019379	Teriparatide	chemical entity
MESH:D000077585	Terlipressin	chemical entity
MESH:C081709	tert-butyloxycarbonyl-phenylalanyl-leucyl-phenylalanyl-leucyl-phenylalanyl-OH	chemical entity
MESH:C045037	testosterone-3-carboxymethyloxime-bovine serum albumin conjugate	chemical entity
MESH:D013744	Tetanus Toxin	chemical entity
MESH:D013758	Tetragastrin	chemical entity
MESH:C115985	tetrapeptide B	chemical entity
MESH:C026166	theanine	chemical entity
MESH:D013917	Thrombin	chemical entity
MESH:C096900	thrombin receptor-activating peptide SFLLRNPNDKY	chemical entity
MESH:D013962	Thyroid (USP)	chemical entity
MESH:D013970	Thyronines	chemical entity
MESH:C018539	thyroxine, triiodothyronine drug combination	chemical entity
MESH:D008625	Tiopronin	chemical entity
MESH:C059835	tissue plasminogen activator-(staphylococcal A, B fragment) dimer	chemical entity
MESH:C117091	titanium(IV) transferrin	chemical entity
MESH:C468283	TMVA protein, Trimeresurus mucrosquamatus	chemical entity
MESH:C031815	toxB protein, Clostridium difficile	chemical entity
MESH:C028800	toxin II (Anemonia sulcata)	chemical entity
MESH:C100827	TP 7	chemical entity
MESH:D016212	Transforming Growth Factor beta	chemical entity
MESH:D053773	Transforming Growth Factor beta1	chemical entity
MESH:C067071	trapoxin B	chemical entity
MESH:C045958	trienomycin A	chemical entity
MESH:C510683	tripeptide tyroservatide	chemical entity
MESH:D017329	Triptorelin Pamoate	chemical entity
MESH:C495433	tris(1,10-phenanthroline)chromium(III) chloride	chemical entity
MESH:C071168	trofopar	chemical entity
MESH:C044809	trypanothione	chemical entity
MESH:D014361	Trypsin Inhibitors	chemical entity
MESH:C010522	tryptoquivaline	chemical entity
MESH:C059393	tyrosyl-arginyl-phenylalanyl-glycinamide	chemical entity
MESH:C036930	tyrosyl-prolyl-leucyl-glycinamide	chemical entity
MESH:C092721	tyrosyl-tetrahydroisoquinolinecarbonyl-psi(methylamino)phenylalanyl-phenylalanine	chemical entity
MESH:C514931	UA 0713	chemical entity
MESH:C031655	ursodoxicoltaurine	chemical entity
MESH:D014612	Vaccines	chemical entity
MESH:C000603978	valbenazine	chemical entity
MESH:D014633	Valine	chemical entity
MESH:D014634	Valinomycin	chemical entity
MESH:C070272	valspodar	chemical entity
MESH:C543186	valyl-histidyl-threonyl-aspartamide	chemical entity
MESH:D042442	Vascular Endothelial Growth Factors	chemical entity
MESH:C025043	vasopressin, 1-(1-mercaptocyclohexaneacetic acid)-2-(O- methyl-L-tyrosine)-8-L-arginine-	chemical entity
MESH:C089517	vasopressin, 1-(2-mercapto-2,2-(cyclopentamethylene)propionic acid)-2-(O-methyl)Tyr-8-Arg-	chemical entity
MESH:C090529	vasopressin, beta mercapto(beta,beta)-cyclopentamethylenepropionic acid(1)-Phe(2)-Ile(4)-Arg(8)-Ala(9)-	chemical entity
MESH:C559490	vasopressin, Phe(2)-Ile(3)-Hgn(4)-Orn(iPr)(8)-	chemical entity
MESH:D014668	Vasotocin	chemical entity
MESH:C534890	WLP-S-10	chemical entity
MESH:C501648	WP9QY peptide	chemical entity
MESH:C521292	YSNSG cyclopeptide	chemical entity
MESH:C496381	YU101	chemical entity
MESH:C000607342	YW3-56	chemical entity
MESH:C487701	zAsp(Ome)-Arg-His-Asp(Ome)-fluoromethyl ketone	chemical entity
MESH:C568285	zeta-inhibitory peptide	chemical entity
MESH:C078452	ziconotide	chemical entity
MESH:C074508	zinc methionine	chemical entity
MESH:C476093	z-Val-Ala-Asp(Ome)-fluoromethylketone	chemical entity
MESH:D017498	n/a	chemical entity
MESH:C039788	n/a	chemical entity
MESH:D054811	n/a	chemical entity
MESH:C000611541	n/a	chemical entity
MESH:D018829	n/a	chemical entity
MESH:D054392	n/a	chemical entity
MESH:D060848	n/a	chemical entity
MESH:D000590	n/a	chemical entity
MESH:D024342	n/a	chemical entity
MESH:D024322	n/a	chemical entity
MESH:D024361	n/a	chemical entity
MESH:D000597	n/a	chemical entity
MESH:D000598	n/a	chemical entity
MESH:D000599	n/a	chemical entity
MESH:D000600	n/a	chemical entity
MESH:D000601	n/a	chemical entity
MESH:D021542	n/a	chemical entity
MESH:D000603	n/a	chemical entity
MESH:D016229	n/a	chemical entity
MESH:D000957	n/a	chemical entity
MESH:D000089882	n/a	chemical entity
MESH:D058833	n/a	chemical entity
MESH:D000083722	n/a	chemical entity
MESH:D015091	n/a	chemical entity
MESH:D001779	n/a	chemical entity
MESH:D015740	n/a	chemical entity
MESH:D003039	n/a	chemical entity
MESH:D003094	n/a	chemical entity
MESH:D003115	n/a	chemical entity
MESH:D004214	n/a	chemical entity
MESH:D004723	n/a	chemical entity
MESH:D016232	n/a	chemical entity
MESH:D018846	n/a	chemical entity
MESH:D024022	n/a	chemical entity
MESH:D004763	n/a	chemical entity
MESH:D005971	n/a	chemical entity
MESH:D016178	n/a	chemical entity
MESH:D013006	n/a	chemical entity
MESH:D013007	n/a	chemical entity
MESH:D016298	n/a	chemical entity
MESH:D015488	n/a	chemical entity
MESH:D015700	n/a	chemical entity
MESH:D007028	n/a	chemical entity
MESH:D007106	n/a	chemical entity
MESH:D049528	n/a	chemical entity
MESH:D036341	n/a	chemical entity
MESH:D016899	n/a	chemical entity
MESH:D007370	n/a	chemical entity
MESH:D007377	n/a	chemical entity
MESH:D007378	n/a	chemical entity
MESH:D007705	n/a	chemical entity
MESH:D007976	n/a	chemical entity
MESH:D055666	n/a	chemical entity
MESH:D008222	n/a	chemical entity
MESH:D008387	n/a	chemical entity
MESH:D053486	n/a	chemical entity
MESH:D009479	n/a	chemical entity
MESH:D009239	n/a	chemical entity
MESH:D018847	n/a	chemical entity
MESH:D010187	n/a	chemical entity
MESH:D010436	n/a	chemical entity
MESH:D036361	n/a	chemical entity
MESH:D019606	n/a	chemical entity
MESH:D010906	n/a	chemical entity
MESH:D010907	n/a	chemical entity
MESH:D010908	n/a	chemical entity
MESH:D010926	n/a	chemical entity
MESH:D052336	n/a	chemical entity
MESH:D011384	n/a	chemical entity
MESH:D011333	n/a	chemical entity
MESH:D012471	n/a	chemical entity
MESH:D012521	n/a	chemical entity
MESH:D015843	n/a	chemical entity
MESH:D025361	n/a	chemical entity
MESH:D013373	n/a	chemical entity
MESH:D015320	n/a	chemical entity
MESH:D055411	n/a	chemical entity
MESH:D013926	n/a	chemical entity
MESH:D048069	n/a	chemical entity
MESH:D014449	n/a	chemical entity
MESH:D014614	n/a	chemical entity
MESH:D014688	n/a	chemical entity
MESH:C011274	n/a	chemical entity
MESH:C514160	n/a	chemical entity
MESH:C519450	n/a	chemical entity
MESH:C073683	n/a	chemical entity
MESH:C121433	n/a	chemical entity
MESH:C065367	n/a	chemical entity
MESH:C000709181	n/a	chemical entity
MESH:D050150	n/a	chemical entity
MESH:D018925	n/a	chemical entity
MESH:C410885	n/a	chemical entity
MESH:C012953	n/a	chemical entity
MESH:C023503	n/a	chemical entity
MESH:C411623	n/a	chemical entity
MESH:C525168	n/a	chemical entity
MESH:C032607	n/a	chemical entity
MESH:D007986	n/a	chemical entity
MESH:C095215	n/a	chemical entity
MESH:C077180	n/a	chemical entity
MESH:C017330	n/a	chemical entity
MESH:C495214	n/a	chemical entity
MESH:C474313	n/a	chemical entity
MESH:C097226	n/a	chemical entity
MESH:C511841	n/a	chemical entity
MESH:C053900	n/a	chemical entity
MESH:C016671	n/a	chemical entity
MESH:C026235	n/a	chemical entity
MESH:D012243	n/a	chemical entity
MESH:C071632	n/a	chemical entity
MESH:C040900	n/a	chemical entity
MESH:C510762	n/a	chemical entity
MESH:C560803	n/a	chemical entity
MESH:C483910	n/a	chemical entity
MESH:C037646	n/a	chemical entity
MESH:C586692	n/a	chemical entity
